{
  "results": {
    "2_sample_size": 33391,
    "3.1_ols_100k_intercept_below": -1.265460647649195,
    "3.1_ols_100k_slope_below": 0.11208570178556339,
    "3.1_ols_100k_intercept_above": -1.2227201612638225,
    "3.1_ols_100k_slope_above": 0.10876638044658873,
    "3.1_ols_100k_ssr": 33137.8953039176,
    "3.1_ols_100k_se_intercept": 0.14395819970895998,
    "3.1_ols_100k_se_slope_below": 0.013296672494506608,
    "3.1_ols_100k_se_intercept_shift": 0.2859324343538087,
    "3.1_ols_100k_se_slope_shift": 0.024447206763471008,
    "3.1_optimal_threshold": 175000.0,
    "3.1_ols_opt_intercept_below": -1.2520091191658116,
    "3.1_ols_opt_slope_below": 0.1108332236030222,
    "3.1_ols_opt_intercept_above": 0.1928583397347765,
    "3.1_ols_opt_slope_above": -0.0015380911294060606,
    "3.1_ols_opt_ssr": 33132.753055522095,
    "3.1_ols_opt_se_intercept": 0.0982740968163642,
    "3.1_ols_opt_se_slope_below": 0.00880650768795056,
    "3.1_ols_opt_se_intercept_shift": 0.6929874890946527,
    "3.1_ols_opt_se_slope_shift": 0.05476476386110137,
    "3.1_ols_100k_r_squared": 0.007550305363354548,
    "3.1_ols_opt_r_squared": 0.007704311005627851,
    "4_pct_above_250k": 9.068311820550448,
    "3.2_qr_100k_q15_slope_below": 1.9000018224760424,
    "3.2_qr_100k_q15_slope_above": 0.33493906358489767,
    "3.2_qr_100k_q15_intercept_below": 30.265980673371814,
    "3.2_qr_100k_q15_intercept_above": 48.73328621732071,
    "3.2_qr_100k_q15_tstat_slope_below": 8.133896163939971,
    "3.2_qr_100k_q15_tstat_slope_above": 4.515496067139523,
    "3.2_qr_100k_q15_slope_shift": -1.5650627588911448,
    "3.2_qr_100k_q15_tstat_slope_shift": -3.6184000968004484,
    "3.2_qr_100k_q30_slope_below": 1.3294734462933775,
    "3.2_qr_100k_q30_slope_above": 1.2276574120542136,
    "3.2_qr_100k_q30_intercept_below": 42.40343455445327,
    "3.2_qr_100k_q30_intercept_above": 43.7262190786314,
    "3.2_qr_100k_q30_tstat_slope_below": 6.85650899296131,
    "3.2_qr_100k_q30_tstat_slope_above": 6.570952030867175,
    "3.2_qr_100k_q30_slope_shift": -0.10181603423916386,
    "3.2_qr_100k_q30_tstat_slope_shift": -0.2855569620941355,
    "3.2_qr_100k_q50_slope_below": 1.2372090588214633,
    "3.2_qr_100k_q50_slope_above": 1.4593021971340931,
    "3.2_qr_100k_q50_intercept_below": 49.225677612557774,
    "3.2_qr_100k_q50_intercept_above": 46.59731569149881,
    "3.2_qr_100k_q50_tstat_slope_below": 6.461783040822749,
    "3.2_qr_100k_q50_tstat_slope_above": 7.092679584635434,
    "3.2_qr_100k_q50_slope_shift": 0.2220931383126299,
    "3.2_qr_100k_q50_tstat_slope_shift": 0.6308965438126842,
    "3.2_qr_100k_q70_slope_below": 1.1777175929306622,
    "3.2_qr_100k_q70_slope_above": 1.907228966158641,
    "3.2_qr_100k_q70_intercept_below": 56.012355934853986,
    "3.2_qr_100k_q70_intercept_above": 47.39674604741958,
    "3.2_qr_100k_q70_tstat_slope_below": 5.315016694826022,
    "3.2_qr_100k_q70_tstat_slope_above": 7.110870970109213,
    "3.2_qr_100k_q70_slope_shift": 0.7295113732279788,
    "3.2_qr_100k_q70_tstat_slope_shift": 1.7958542752831912,
    "3.2_qr_100k_q85_slope_below": 0.7909070526075084,
    "3.2_qr_100k_q85_slope_above": 1.983331015027943,
    "3.2_qr_100k_q85_intercept_below": 66.81311235850444,
    "3.2_qr_100k_q85_intercept_above": 53.06119395123096,
    "3.2_qr_100k_q85_tstat_slope_below": 2.9630925559974552,
    "3.2_qr_100k_q85_tstat_slope_above": 5.411661925315752,
    "3.2_qr_100k_q85_slope_shift": 1.1924239624204347,
    "3.2_qr_100k_q85_tstat_slope_shift": 2.448569369318296,
    "3.2_qr_200k_q15_slope_below": 1.8259255144175768,
    "3.2_qr_200k_q15_slope_above": -0.036168641649055644,
    "3.2_qr_200k_q15_intercept_below": 31.074893993660226,
    "3.2_qr_200k_q15_intercept_above": 53.454576409669244,
    "3.2_qr_200k_q15_tstat_slope_below": 11.66957757252332,
    "3.2_qr_200k_q15_tstat_slope_shift": -1.9052178811527514,
    "3.2_qr_200k_q15_slope_shift": -1.8620941560666324,
    "3.2_qr_200k_q30_slope_below": 1.3440006488881409,
    "3.2_qr_200k_q30_slope_above": 0.3808513161247902,
    "3.2_qr_200k_q30_intercept_below": 42.25627281344168,
    "3.2_qr_200k_q30_intercept_above": 54.65001881534954,
    "3.2_qr_200k_q30_tstat_slope_below": 10.453263283803718,
    "3.2_qr_200k_q30_tstat_slope_shift": -1.1978286363327506,
    "3.2_qr_200k_q30_slope_shift": -0.9631493327633507,
    "3.2_qr_200k_q50_slope_below": 1.23333364009477,
    "3.2_qr_200k_q50_slope_above": 0.14680594536503122,
    "3.2_qr_200k_q50_intercept_below": 49.25533103421185,
    "3.2_qr_200k_q50_intercept_above": 63.38620290054678,
    "3.2_qr_200k_q50_tstat_slope_below": 9.732390359373936,
    "3.2_qr_200k_q50_tstat_slope_shift": -1.3787395770321045,
    "3.2_qr_200k_q50_slope_shift": -1.0865276947297389,
    "3.2_qr_200k_q70_slope_below": 1.15304329619903,
    "3.2_qr_200k_q70_slope_above": 0.5467403811335316,
    "3.2_qr_200k_q70_intercept_below": 56.26676657953794,
    "3.2_qr_200k_q70_intercept_above": 64.95101647346746,
    "3.2_qr_200k_q70_tstat_slope_below": 7.885255227483663,
    "3.2_qr_200k_q70_tstat_slope_shift": -0.6677260178906332,
    "3.2_qr_200k_q70_slope_shift": -0.6063029150654984,
    "3.2_qr_200k_q85_slope_below": 1.0033335318394165,
    "3.2_qr_200k_q85_slope_above": -0.35434727006577305,
    "3.2_qr_200k_q85_intercept_below": 64.54523070642608,
    "3.2_qr_200k_q85_intercept_above": 82.71853567433573,
    "3.2_qr_200k_q85_tstat_slope_below": 5.624816570575205,
    "3.2_qr_200k_q85_tstat_slope_shift": -1.2143888246132315,
    "3.2_qr_200k_q85_slope_shift": -1.3576808019051896
  },
  "metadata": {
    "python_version": "3.12.4 | packaged by Anaconda, Inc. | (main, Jun 18 2024, 10:07:17) [Clang 14.0.6 ]",
    "run_timestamp": "2026-04-07T20:05:10Z",
    "run_duration_seconds": 10.47
  }
}